Company name:,Ripple Labs Singapore,,,,,,,,,,,,,,,,
Report name:,Invoice Detail Report with XRP,,,,,,,,,,,,,,,,
Created on:,6/15/2023,,,,,,,,,,,,,,,,
Location:,310_RSG--Ripple Labs Singapore,,,,,,,,,,,,,,,,
Date,Customer name,Customer_ID,Invoice number,Line number,Item_ID,Item description,Memo,Quantity,Transaction currency,Transaction price,Extended price-txn curr,Total transaction amount,Base currency,Price,Extended price-base curr,Total amount,Location_ID
6/8/2023,Taasai FS Ltd,CUS000534,INV006007,1,Payment Service Fee,Late Payment Charge,Section 2(c) of the Master XRP Commitment to Sell Agreement signed 08/15/2022,1.00,USD,"1,416.67","1,416.67","1,416.67",SGD,"1,909.81","1,909.81","1,909.81",310_RSG
6/8/2023,Lulu Financial Services (Phils) Inc.,CUS000507,INV006006,1,Payment Service Fee,Late Payment Charge,Section 2(c) of the Master XRP Commitment to Sell Agreement signed 04/13/2022,1.00,USD,"1,386.16","1,386.16","1,386.16",SGD,"1,868.68","1,868.68","1,868.68",310_RSG
6/2/2023,Taasai FS Ltd,CUS000534,INV005962,1,Payment Service Fee,Late Payment Charge,Section 2(c) of the Master XRP Commitment to Sell Agreement signed 08/15/2022,1.00,USD,"1,316.67","1,316.67","1,316.67",SGD,"1,777.90","1,777.90","1,777.90",310_RSG
6/14/2023,Remittance Finance Corporation Limited,CUS000456,INV006051,1,Wallet Send Transactions,Wallet Send Transactions-XRP,USD amount of XRP,"4,412.29",USD,0.45,"2,000.00","2,004.00",SGD,0.61,"2,683.40","2,688.77",310_RSG
6/14/2023,Remittance Finance Corporation Limited,CUS000456,INV006051,2,ODL Commission Fees,ODL Commission Fees,ODL Commission Fees,"2,000.00",USD,0.00,4.00,"2,004.00",SGD,0.00,5.37,"2,688.77",310_RSG
6/7/2023,BC Remittance Limited,CUS000323,CM000642,1,63500,Bank Service Charges,Bank Swift Charges Reimbursement,1.00,GBP,373.20,373.20,-373.20,SGD,625.52,625.52,-625.52,310_RSG
6/6/2023,Lulu Financial Services (Phils) Inc.,CUS000507,CM000641,1,Wallet Send Transactions,Wallet Send Transactions-XRP,Credit for USD amount of XRP,"19,645.46",USD,0.51,"9,974.00","-9,993.95",SGD,0.69,"13,472.88","-13,499.83",310_RSG
6/6/2023,Lulu Financial Services (Phils) Inc.,CUS000507,CM000641,2,On Demand Liquidity,On Demand Liquidity-XRP,Credit for ODL Service Fee,"9,974.00",USD,0.00,19.95,"-9,993.95",SGD,0.00,26.95,"-13,499.83",310_RSG
6/6/2023,"PMI Americas, S.A. de C.V.",CUS000430,INV006004,1,Wallet Send Transactions,Wallet Send Transactions-XRP,USD amount of XRP,"1,583.43",USD,0.52,817.55,817.55,SGD,0.70,"1,104.35","1,104.35",310_RSG
6/6/2023,Remittance Finance Corporation Limited,CUS000456,CM000640,1,Wallet Send Transactions,Wallet Send Transactions-XRP,USD amount of XRP,"11,917.00",USD,0.52,"6,250.00","-6,262.50",SGD,0.71,"8,442.50","-8,459.39",310_RSG
6/6/2023,Remittance Finance Corporation Limited,CUS000456,CM000640,2,ODL Commission Fees,ODL Commission Fees,ODL Commission Fees,"6,250.00",USD,0.00,12.50,"-6,262.50",SGD,0.00,16.89,"-8,459.39",310_RSG
6/5/2023,VRV Global Pte Ltd,CUS000548,INV006002,1,Wallet Send Transactions,Wallet Send Transactions-XRP,ODL Volume,"4,336,558.26",USD,0.49,"2,133,976.96","2,144,646.84",SGD,0.66,"2,881,082.29","2,895,487.69",310_RSG
6/5/2023,VRV Global Pte Ltd,CUS000548,INV006002,2,On Demand Liquidity,On Demand Liquidity-XRP,ODL Service Fee,"2,133,976.96",USD,0.01,"10,669.88","2,144,646.84",SGD,0.01,"14,405.40","2,895,487.69",310_RSG
6/5/2023,Tranzfar LTD,CUS000556,INV006000,2,On Demand Liquidity,On Demand Liquidity-XRP,ODL Service Fee,"173,145.18",GBP,0.00,692.58,"173,837.76",SGD,0.01,"1,164.64","292,325.57",310_RSG
6/5/2023,Tranzfar LTD,CUS000556,INV006000,1,Wallet Send Transactions,Wallet Send Transactions-XRP,GBP amount of XRP,"427,065.54",GBP,0.41,"173,145.18","173,837.76",SGD,0.68,"291,160.93","292,325.57",310_RSG
6/5/2023,Steadfast Money Transfer Pte. Ltd.,CUS000404,INV005996,1,Wallet Send Transactions,Wallet Send Transactions-XRP,SGD amount of XRP,"1,013,263.31",SGD,0.67,"680,000.00","680,476.00",SGD,0.67,"680,000.00","680,476.00",310_RSG
6/5/2023,Steadfast Money Transfer Pte. Ltd.,CUS000404,INV005996,2,On Demand Liquidity,On Demand Liquidity-XRP,ODL Service Fee,"680,000.00",SGD,0.00,476.00,"680,476.00",SGD,0.00,476.00,"680,476.00",310_RSG
6/5/2023,Omipay Global Pty Ltd,CUS000480,INV005991,1,Wallet Send Transactions,Wallet Send Transactions-XRP,AUD amount of XRP,"1,566,454.96",AUD,0.77,"1,200,840.59","1,200,840.59",SGD,0.68,"1,071,029.72","1,071,029.72",310_RSG
6/5/2023,Lulu Financial Services (Phils) Inc.,CUS000507,INV005990,2,On Demand Liquidity,On Demand Liquidity-XRP,ODL Service Fee,"1,369,734.13",USD,0.00,"2,739.47","1,372,473.60",SGD,0.00,"3,698.56","1,852,976.61",310_RSG
6/5/2023,Lulu Financial Services (Phils) Inc.,CUS000507,INV005990,1,Wallet Send Transactions,Wallet Send Transactions-XRP,USD amount of XRP,"2,737,773.15",USD,0.50,"1,369,734.13","1,372,473.60",SGD,0.68,"1,849,278.05","1,852,976.61",310_RSG
6/5/2023,Sir Money Changer Pte. Ltd.,CUS000514,INV005995,1,Wallet Send Transactions,Wallet Send Transactions-XRP,SGD amount of XRP,"4,974,090.53",SGD,0.68,"3,378,243.67","3,381,621.91",SGD,0.68,"3,378,243.67","3,381,621.91",310_RSG
6/5/2023,Sir Money Changer Pte. Ltd.,CUS000514,INV005995,2,On Demand Liquidity,On Demand Liquidity-XRP,ODL Service Fee,"3,378,243.67",SGD,0.00,"3,378.24","3,381,621.91",SGD,0.00,"3,378.24","3,381,621.91",310_RSG
6/5/2023,Tranglo Pte. Ltd.,CUS000292,INV005999,1,Wallet Send Transactions,Wallet Send Transactions-XRP,SGD amount of XRP,"24,756,239.16",SGD,0.68,"16,762,504.67","16,774,238.42",SGD,0.68,"16,762,504.67","16,774,238.42",310_RSG
6/5/2023,Tranglo Pte. Ltd.,CUS000292,INV005999,2,On Demand Liquidity,On Demand Liquidity-XRP,ODL Service Fee,"16,762,504.67",SGD,0.00,"11,733.75","16,774,238.42",SGD,0.00,"11,733.75","16,774,238.42",310_RSG
6/5/2023,Tranglo Pte. Ltd.,CUS000292,INV005998,1,Wallet Send Transactions,Wallet Send Transactions-XRP,SGD amount of XRP,"509,994.48",SGD,0.69,"350,000.00","350,525.00",SGD,0.69,"350,000.00","350,525.00",310_RSG
6/5/2023,Tranglo Pte. Ltd.,CUS000292,INV005998,2,On Demand Liquidity,On Demand Liquidity-XRP,ODL Service Fee,"350,000.00",SGD,0.00,525.00,"350,525.00",SGD,0.00,525.00,"350,525.00",310_RSG
6/5/2023,ISend Pte. Ltd.,CUS000362,INV005987,1,Wallet Send Transactions,Wallet Send Transactions-XRP,USD amount of XRP,"3,849,313.52",USD,0.50,"1,920,019.97","1,921,939.99",SGD,0.67,"2,592,218.96","2,594,811.18",310_RSG
6/5/2023,ISend Pte. Ltd.,CUS000362,INV005987,2,On Demand Liquidity,On Demand Liquidity-XRP,ODL Service Fee,"1,920,019.97",USD,0.00,"1,920.02","1,921,939.99",SGD,0.00,"2,592.22","2,594,811.18",310_RSG
6/5/2023,Globsol Singapore Pte Ltd,CUS000547,INV005985,1,Wallet Send Transactions,Wallet Send Transactions-XRP,USD amount of XRP,"6,148,047.93",USD,0.49,"3,003,004.90","3,018,019.92",SGD,0.66,"4,054,356.92","4,074,628.70",310_RSG
6/5/2023,Globsol Singapore Pte Ltd,CUS000547,INV005985,2,On Demand Liquidity,On Demand Liquidity-XRP,ODL Service Fee,"3,003,004.90",USD,0.01,"15,015.02","3,018,019.92",SGD,0.01,"20,271.78","4,074,628.70",310_RSG
6/5/2023,City Foreign Exchange Limited,CUS000533,INV005981,1,Wallet Send Transactions,Wallet Send Transactions-XRP,USD amount of XRP,"503,111.50",USD,0.50,"251,606.06","252,109.27",SGD,0.68,"339,693.34","340,372.72",310_RSG
6/5/2023,City Foreign Exchange Limited,CUS000533,INV005981,2,On Demand Liquidity,On Demand Liquidity-XRP,ODL Service Fee,"251,606.06",USD,0.00,503.21,"252,109.27",SGD,0.00,679.38,"340,372.72",310_RSG
6/5/2023,BC Remittance Limited,CUS000323,INV005978,1,Wallet Send Transactions,Wallet Send Transactions-XRP,GBP amount of XRP,"4,099,799.33",GBP,0.40,"1,660,000.00","1,664,980.00",SGD,0.68,"2,791,456.00","2,799,830.37",310_RSG
6/5/2023,BC Remittance Limited,CUS000323,INV005978,2,On Demand Liquidity,On Demand Liquidity-XRP,ODL Service Fee,"1,660,000.00",GBP,0.00,"4,980.00","1,664,980.00",SGD,0.01,"8,374.37","2,799,830.37",310_RSG
6/5/2023,Arcadi SpA,CUS000315,INV005977,1,Wallet Send Transactions,Wallet Send Transactions-XRP,USD amount of XRP,"101,570.14",USD,0.49,"50,000.00","50,250.00",SGD,0.66,"67,505.00","67,842.53",310_RSG
6/5/2023,Arcadi SpA,CUS000315,INV005977,2,On Demand Liquidity,On Demand Liquidity-XRP,ODL Service Fee,"50,000.00",USD,0.01,250.00,"50,250.00",SGD,0.01,337.53,"67,842.53",310_RSG
6/5/2023,J&R Asociados SpA,CUS000376,INV005980,2,On Demand Liquidity,On Demand Liquidity-XRP,ODL Service Fee,"300,000.00",USD,0.00,"1,200.00","301,200.00",SGD,0.01,"1,620.12","406,650.12",310_RSG
6/5/2023,J&R Asociados SpA,CUS000376,INV005980,1,Wallet Send Transactions,Wallet Send Transactions-XRP,USD amount of XRP,"621,813.21",USD,0.48,"300,000.00","301,200.00",SGD,0.65,"405,030.00","406,650.12",310_RSG
6/5/2023,Andean Wide Transfer SPA,CUS000476,INV005966,1,Wallet Send Transactions,Wallet Send Transactions-XRP,USD amount of XRP,"7,891,000.23",USD,0.50,"3,950,000.00","3,953,950.00",SGD,0.68,"5,332,895.00","5,338,227.90",310_RSG
6/5/2023,Andean Wide Transfer SPA,CUS000476,INV005966,2,On Demand Liquidity,On Demand Liquidity-XRP,ODL Service Fee,"3,950,000.00",USD,0.00,"3,950.00","3,953,950.00",SGD,0.00,"5,332.90","5,338,227.90",310_RSG
6/5/2023,Lenderwize Limited,CUS000541,INV005967,1,Wallet Send Transactions,Wallet Send Transactions-XRP,USD amount of XRP,"2,073,433.68",USD,0.48,"1,000,100.00","1,001,100.10",SGD,0.65,"1,350,235.01","1,351,585.25",310_RSG
6/5/2023,Lenderwize Limited,CUS000541,INV005967,2,On Demand Liquidity,On Demand Liquidity-XRP,ODL Service Fee,"1,000,100.00",USD,0.00,"1,000.10","1,001,100.10",SGD,0.00,"1,350.24","1,351,585.25",310_RSG
6/5/2023,ISend Pte. Ltd.,CUS000362,INV005986,1,Wallet Send Transactions,Wallet Send Transactions-XRP,USD amount of XRP,"1,042,687.64",USD,0.48,"500,000.00","500,500.00",SGD,0.65,"675,050.00","675,725.05",310_RSG
6/5/2023,ISend Pte. Ltd.,CUS000362,INV005986,2,On Demand Liquidity,On Demand Liquidity-XRP,ODL Service Fee,"500,000.00",USD,0.00,500.00,"500,500.00",SGD,0.00,675.05,"675,725.05",310_RSG
6/5/2023,Vita Solutions S.P.A,CUS000417,INV006001,1,Wallet Send Transactions,Wallet Send Transactions-XRP,USD amount of XRP,"674,889.13",USD,0.50,"340,000.00","341,700.00",SGD,0.68,"459,034.00","461,329.17",310_RSG
6/5/2023,Vita Solutions S.P.A,CUS000417,INV006001,2,On Demand Liquidity,On Demand Liquidity-XRP,ODL Service Fee,"340,000.00",USD,0.01,"1,700.00","341,700.00",SGD,0.01,"2,295.17","461,329.17",310_RSG
6/5/2023,Remittance Finance Corporation Limited,CUS000456,INV005970,2,ODL Commission Fees,ODL Commission Fees,ODL Commission Fees,"35,103,635.00",USD,0.00,"70,207.27","35,173,842.27",SGD,0.00,"94,786.84","47,488,204.45",310_RSG
6/5/2023,Remittance Finance Corporation Limited,CUS000456,INV005970,1,Wallet Send Transactions,Wallet Send Transactions-XRP,USD amount of XRP,"69,886,989.33",USD,0.50,"35,103,635.00","35,173,842.27",SGD,0.68,"47,393,417.61","47,488,204.45",310_RSG
6/5/2023,Star Dreams General Trading LLC,CUS000537,INV005971,1,Wallet Send Transactions,Wallet Send Transactions-XRP,USD amount of XRP,"1,021,089.26",USD,0.50,"514,690.25","523,466.08",SGD,0.68,"694,883.31","706,731.56",310_RSG
6/5/2023,Star Dreams General Trading LLC,CUS000537,INV005971,2,On Demand Liquidity,On Demand Liquidity-XRP,ODL Service Fee,"514,690.25",USD,0.00,772.04,"523,466.08",SGD,0.00,"1,042.33","706,731.56",310_RSG
6/5/2023,Star Dreams General Trading LLC,CUS000537,INV005971,3,Line of Credit,Line of Credit,Line of Credit Fee (9.46% of weekly USD amount of XRP withdrawals x 60 /365 days),1.00,USD,"8,003.79","8,003.79","523,466.08",SGD,"10,805.92","10,805.92","706,731.56",310_RSG
6/5/2023,Sterling Frontier Alliance Pte. Ltd,CUS000551,INV005972,1,Wallet Send Transactions,Wallet Send Transactions-XRP,USD amount of XRP,"485,273.37",USD,0.51,"249,479.04","253,699.68",SGD,0.69,"336,821.65","342,519.93",310_RSG
6/5/2023,Sterling Frontier Alliance Pte. Ltd,CUS000551,INV005972,2,On Demand Liquidity,On Demand Liquidity-XRP,ODL Service Fee,"249,479.04",USD,0.01,"1,247.40","253,699.68",SGD,0.01,"1,684.11","342,519.93",310_RSG
6/5/2023,Sterling Frontier Alliance Pte. Ltd,CUS000551,INV005972,3,Line of Credit,Line of Credit,Line of Credit Fee (14.5% of weekly USD amount of XRP withdrawals x 30 /365 days),1.00,USD,"2,973.24","2,973.24","253,699.68",SGD,"4,014.17","4,014.17","342,519.93",310_RSG
6/5/2023,Everest Network Ltd,CUS000504,INV005983,2,On Demand Liquidity,On Demand Liquidity-XRP,ODL Service Fee,86.76,USD,0.00,0.09,86.85,SGD,0.00,0.12,117.25,310_RSG
6/5/2023,Everest Network Ltd,CUS000504,INV005983,1,Wallet Send Transactions,Wallet Send Transactions-XRP,USD amount of XRP,173.38,USD,0.50,86.76,86.85,SGD,0.68,117.13,117.25,310_RSG
6/5/2023,Clear Aligners Pte. Ltd.,CUS000549,INV005982,1,Wallet Send Transactions,Wallet Send Transactions-XRP,USD amount of XRP,"3,509,374.60",USD,0.49,"1,732,244.58","1,740,905.80",SGD,0.67,"2,338,703.41","2,350,396.92",310_RSG
6/5/2023,Clear Aligners Pte. Ltd.,CUS000549,INV005982,2,On Demand Liquidity,On Demand Liquidity-XRP,ODL Service Fee,"1,732,244.58",USD,0.01,"8,661.22","1,740,905.80",SGD,0.01,"11,693.51","2,350,396.92",310_RSG
6/5/2023,Andean Wide Transfer SPA,CUS000476,INV005965,1,Wallet Send Transactions,Wallet Send Transactions-XRP,USD amount of XRP,"399,544.32",USD,0.50,"200,000.00","202,866.67",SGD,0.68,"270,020.00","273,890.29",310_RSG
6/5/2023,Andean Wide Transfer SPA,CUS000476,INV005965,2,On Demand Liquidity,On Demand Liquidity-XRP,ODL Service Fee,"200,000.00",USD,0.00,200.00,"202,866.67",SGD,0.00,270.02,"273,890.29",310_RSG
6/5/2023,Andean Wide Transfer SPA,CUS000476,INV005965,3,Line of Credit,Line of Credit,Line of Credit Fee (16% of weekly USD amount of XRP withdrawals x 30 /360 days),1.00,USD,"2,666.67","2,666.67","202,866.67",SGD,"3,600.27","3,600.27","273,890.29",310_RSG
6/5/2023,New Horizon Global Trading Pte Ltd,CUS000540,INV005968,1,Wallet Send Transactions,Wallet Send Transactions-XRP,USD amount of XRP,"865,505.03",USD,0.50,"433,755.54","443,535.84",SGD,0.68,"585,613.35","598,817.74",310_RSG
6/5/2023,New Horizon Global Trading Pte Ltd,CUS000540,INV005968,2,On Demand Liquidity,On Demand Liquidity-XRP,ODL Service Fee,"433,755.54",USD,0.00,867.51,"443,535.84",SGD,0.00,"1,171.23","598,817.74",310_RSG
6/5/2023,New Horizon Global Trading Pte Ltd,CUS000540,INV005968,3,Line of Credit,Line of Credit,Line of Credit Fee (12.5% of weekly USD amount of XRP withdrawals x 60 /365 days),1.00,USD,"8,912.79","8,912.79","443,535.84",SGD,"12,033.16","12,033.16","598,817.74",310_RSG
6/5/2023,Nium Pte. Ltd.,CUS000130,INV005969,1,Wallet Send Transactions,Wallet Send Transactions-XRP,USD amount of XRP,"117,391,347.30",USD,0.50,"58,837,474.26","58,855,125.50",SGD,0.68,"79,436,474.00","79,460,304.94",310_RSG
6/5/2023,Nium Pte. Ltd.,CUS000130,INV005969,2,On Demand Liquidity,On Demand Liquidity-XRP,ODL Service Fee,"58,837,474.26",USD,0.00,"17,651.24","58,855,125.50",SGD,0.00,"23,830.94","79,460,304.94",310_RSG
6/5/2023,EzyRemit Worldwide Pty Ltd,CUS000525,INV005984,1,Wallet Send Transactions,Wallet Send Transactions-XRP,AUD amount of XRP,"762,282.60",AUD,0.72,"549,849.19","550,243.92",SGD,0.64,"490,410.49","490,762.55",310_RSG
6/5/2023,EzyRemit Worldwide Pty Ltd,CUS000525,INV005984,2,On Demand Liquidity,On Demand Liquidity-XRP,ODL Service Fee,"394,733.09",AUD,0.00,394.73,"550,243.92",SGD,0.00,352.06,"490,762.55",310_RSG
6/5/2023,BKK Forex Pte Ltd,CUS000381,INV005979,1,Wallet Send Transactions,Wallet Send Transactions-XRP,SGD amount of XRP,"4,364,389.77",SGD,0.68,"2,956,638.72","2,959,595.36",SGD,0.68,"2,956,638.72","2,959,595.36",310_RSG
6/5/2023,BKK Forex Pte Ltd,CUS000381,INV005979,2,On Demand Liquidity,On Demand Liquidity-XRP,ODL Service Fee,"2,956,638.72",SGD,0.00,"2,956.64","2,959,595.36",SGD,0.00,"2,956.64","2,959,595.36",310_RSG
6/5/2023,"PMI Americas, S.A. de C.V.",CUS000430,INV005993,1,Wallet Send Transactions,Wallet Send Transactions-XRP,USD amount of XRP,"265,960.50",USD,0.50,"133,684.48","133,684.48",SGD,0.68,"180,487.42","180,487.42",310_RSG
6/5/2023,Lemonway SAS,CUS000536,INV005988,1,Wallet Send Transactions,Wallet Send Transactions-XRP,EUR amount of XRP,"13,408,523.03",EUR,0.47,"6,297,541.00","6,297,541.00",SGD,0.68,"9,104,984.78","9,104,984.78",310_RSG
6/5/2023,Xbaht AB,CUS000396,INV006003,1,Wallet Send Transactions,Wallet Send Transactions-XRP,EUR amount of XRP,"1,033,107.15",EUR,0.47,"482,533.45","483,477.46",SGD,0.68,"697,646.86","699,011.71",310_RSG
6/5/2023,Xbaht AB,CUS000396,INV006003,2,On Demand Liquidity,On Demand Liquidity-XRP,ODL Service Fee,"472,007.43",EUR,0.00,944.01,"483,477.46",SGD,0.00,"1,364.85","699,011.71",310_RSG
6/5/2023,Sentbe Pte. Ltd.,CUS000443,INV005994,1,Wallet Send Transactions,Wallet Send Transactions-XRP,SGD amount of XRP,"4,961,216.77",SGD,0.68,"3,379,958.75","3,382,493.72",SGD,0.68,"3,379,958.75","3,382,493.72",310_RSG
6/5/2023,Sentbe Pte. Ltd.,CUS000443,INV005994,2,On Demand Liquidity,On Demand Liquidity-XRP,ODL Service Fee,"3,379,958.75",SGD,0.00,"2,534.97","3,382,493.72",SGD,0.00,"2,534.97","3,382,493.72",310_RSG
6/5/2023,Lemonway SAS,CUS000536,INV005989,1,On Demand Liquidity,On Demand Liquidity-XRP,ODL Service Fee,"6,297,541.00",EUR,0.00,"6,297.54","6,297.54",SGD,0.00,"9,104.98","9,104.98",310_RSG
6/5/2023,TransferTo Mobile Financial Services Ltd,CUS000512,INV005997,1,Wallet Send Transactions,Wallet Send Transactions-XRP,USD amount of XRP,"17,929,774.06",USD,0.50,"9,000,000.00","9,004,500.00",SGD,0.68,"12,150,900.00","12,156,975.45",310_RSG
6/5/2023,TransferTo Mobile Financial Services Ltd,CUS000512,INV005997,2,On Demand Liquidity,On Demand Liquidity-XRP,ODL Service Fee,"9,000,000.00",USD,0.00,"4,500.00","9,004,500.00",SGD,0.00,"6,075.45","12,156,975.45",310_RSG
6/5/2023,PAYINC GROUP LIMITED,CUS000405,INV005992,1,Wallet Send Transactions,Wallet Send Transactions-XRP,GBP amount of XRP,"2,606,328.82",GBP,0.39,"1,010,499.75","1,015,552.25",SGD,0.65,"1,699,256.38","1,707,752.66",310_RSG
6/5/2023,PAYINC GROUP LIMITED,CUS000405,INV005992,2,On Demand Liquidity,On Demand Liquidity-XRP,ODL Service Fee,"1,010,499.75",GBP,0.01,"5,052.50","1,015,552.25",SGD,0.01,"8,496.28","1,707,752.66",310_RSG
6/12/2023,J&R Asociados SpA,CUS000376,INV006017,1,Wallet Send Transactions,Wallet Send Transactions-XRP,USD amount of XRP,"558,274.56",USD,0.54,"300,000.00","301,200.00",SGD,0.72,"403,350.00","404,963.40",310_RSG
6/12/2023,J&R Asociados SpA,CUS000376,INV006017,2,On Demand Liquidity,On Demand Liquidity-XRP,ODL Service Fee,"300,000.00",USD,0.00,"1,200.00","301,200.00",SGD,0.01,"1,613.40","404,963.40",310_RSG
6/12/2023,Clear Aligners Pte. Ltd.,CUS000549,INV006018,2,On Demand Liquidity,On Demand Liquidity-XRP,ODL Service Fee,"1,673,707.76",USD,0.01,"8,368.54","1,682,076.30",SGD,0.01,"11,251.50","2,261,551.58",310_RSG
6/12/2023,Clear Aligners Pte. Ltd.,CUS000549,INV006018,1,Wallet Send Transactions,Wallet Send Transactions-XRP,USD amount of XRP,"3,198,611.96",USD,0.52,"1,673,707.76","1,682,076.30",SGD,0.70,"2,250,300.08","2,261,551.58",310_RSG
6/12/2023,EzyRemit Worldwide Pty Ltd,CUS000525,INV006021,1,Wallet Send Transactions,Wallet Send Transactions-XRP,AUD amount of XRP,"811,640.54",AUD,0.79,"637,649.73","638,274.47",SGD,0.71,"578,220.78","578,787.29",310_RSG
6/12/2023,EzyRemit Worldwide Pty Ltd,CUS000525,INV006021,2,On Demand Liquidity,On Demand Liquidity-XRP,ODL Service Fee,"624,740.18",AUD,0.00,624.74,"638,274.47",SGD,0.00,566.51,"578,787.29",310_RSG
6/12/2023,Globsol Singapore Pte Ltd,CUS000547,INV006022,1,Wallet Send Transactions,Wallet Send Transactions-XRP,USD amount of XRP,"5,723,101.62",USD,0.52,"2,997,278.04","3,012,264.43",SGD,0.70,"4,029,840.32","4,049,989.52",310_RSG
6/12/2023,Globsol Singapore Pte Ltd,CUS000547,INV006022,2,On Demand Liquidity,On Demand Liquidity-XRP,ODL Service Fee,"2,997,278.04",USD,0.01,"14,986.39","3,012,264.43",SGD,0.01,"20,149.20","4,049,989.52",310_RSG
6/12/2023,Omipay Global Pty Ltd,CUS000480,INV006031,1,Wallet Send Transactions,Wallet Send Transactions-XRP,AUD amount of XRP,"1,291,915.21",AUD,0.77,"1,000,700.49","1,000,700.49",SGD,0.70,"907,435.20","907,435.20",310_RSG
6/12/2023,Remittance Finance Corporation Limited,CUS000456,INV006034,1,Wallet Send Transactions,Wallet Send Transactions-XRP,USD amount of XRP,"67,215,828.32",USD,0.52,"35,031,250.00","35,101,312.50",SGD,0.70,"47,099,515.63","47,193,714.66",310_RSG
6/12/2023,Remittance Finance Corporation Limited,CUS000456,INV006034,2,ODL Commission Fees,ODL Commission Fees,ODL Commission Fees,"35,031,250.00",USD,0.00,"70,062.50","35,101,312.50",SGD,0.00,"94,199.03","47,193,714.66",310_RSG
6/12/2023,Sir Money Changer Pte. Ltd.,CUS000514,INV006036,2,On Demand Liquidity,On Demand Liquidity-XRP,ODL Service Fee,"2,697,709.62",SGD,0.00,"2,697.71","2,700,407.33",SGD,0.00,"2,697.71","2,700,407.33",310_RSG
6/12/2023,Sir Money Changer Pte. Ltd.,CUS000514,INV006036,1,Wallet Send Transactions,Wallet Send Transactions-XRP,SGD amount of XRP,"3,751,688.09",SGD,0.72,"2,697,709.62","2,700,407.33",SGD,0.72,"2,697,709.62","2,700,407.33",310_RSG
6/12/2023,Steadfast Money Transfer Pte. Ltd.,CUS000404,INV006038,1,Wallet Send Transactions,Wallet Send Transactions-XRP,SGD amount of XRP,"793,088.06",SGD,0.71,"560,000.00","560,392.00",SGD,0.71,"560,000.00","560,392.00",310_RSG
6/12/2023,Steadfast Money Transfer Pte. Ltd.,CUS000404,INV006038,2,On Demand Liquidity,On Demand Liquidity-XRP,ODL Service Fee,"560,000.00",SGD,0.00,392.00,"560,392.00",SGD,0.00,392.00,"560,392.00",310_RSG
6/12/2023,ISend Pte. Ltd.,CUS000362,INV006023,1,Wallet Send Transactions,Wallet Send Transactions-XRP,USD amount of XRP,"945,683.32",USD,0.53,"500,000.01","500,500.01",SGD,0.71,"672,250.01","672,922.26",310_RSG
6/12/2023,ISend Pte. Ltd.,CUS000362,INV006023,2,On Demand Liquidity,On Demand Liquidity-XRP,ODL Service Fee,"500,000.01",USD,0.00,500.00,"500,500.01",SGD,0.00,672.25,"672,922.26",310_RSG
6/12/2023,Lemonway SAS,CUS000536,INV006025,1,Wallet Send Transactions,Wallet Send Transactions-XRP,EUR amount of XRP,"12,881,490.32",EUR,0.49,"6,283,585.00","6,283,585.00",SGD,0.71,"9,082,293.76","9,082,293.76",310_RSG
6/12/2023,Lemonway SAS,CUS000536,INV006026,1,On Demand Liquidity,On Demand Liquidity-XRP,ODL Service Fee,"6,283,585.00",EUR,0.00,"6,283.59","6,283.59",SGD,0.00,"9,082.30","9,082.30",310_RSG
6/12/2023,Tranglo Pte. Ltd.,CUS000292,INV006043,1,Wallet Send Transactions,Wallet Send Transactions-XRP,SGD amount of XRP,"22,005,843.24",SGD,0.71,"15,514,380.27","15,525,240.34",SGD,0.71,"15,514,380.27","15,525,240.34",310_RSG
6/12/2023,Tranglo Pte. Ltd.,CUS000292,INV006043,2,On Demand Liquidity,On Demand Liquidity-XRP,ODL Service Fee,"15,514,380.27",SGD,0.00,"10,860.07","15,525,240.34",SGD,0.00,"10,860.07","15,525,240.34",310_RSG
6/12/2023,Tranzfar LTD,CUS000556,INV006044,1,Wallet Send Transactions,Wallet Send Transactions-XRP,GBP amount of XRP,"400,496.56",GBP,0.43,"172,517.90","173,207.97",SGD,0.73,"291,831.28","292,998.60",310_RSG
6/12/2023,Tranzfar LTD,CUS000556,INV006044,2,On Demand Liquidity,On Demand Liquidity-XRP,ODL Service Fee,"172,517.90",GBP,0.00,690.07,"173,207.97",SGD,0.01,"1,167.32","292,998.60",310_RSG
6/12/2023,Xbaht AB,CUS000396,INV006047,1,Wallet Send Transactions,Wallet Send Transactions-XRP,EUR amount of XRP,"713,989.94",EUR,0.48,"346,174.74","346,841.03",SGD,0.70,"500,360.97","501,324.03",310_RSG
6/12/2023,Xbaht AB,CUS000396,INV006047,2,On Demand Liquidity,On Demand Liquidity-XRP,ODL Service Fee,"333,143.38",EUR,0.00,666.29,"346,841.03",SGD,0.00,963.06,"501,324.03",310_RSG
6/12/2023,TransferTo Mobile Financial Services Ltd,CUS000512,INV006041,1,Wallet Send Transactions,Wallet Send Transactions-XRP,USD amount of XRP,"17,200,783.19",USD,0.52,"9,000,100.00","9,004,600.05",SGD,0.70,"12,100,634.45","12,106,684.77",310_RSG
6/12/2023,TransferTo Mobile Financial Services Ltd,CUS000512,INV006041,2,On Demand Liquidity,On Demand Liquidity-XRP,ODL Service Fee,"9,000,100.00",USD,0.00,"4,500.05","9,004,600.05",SGD,0.00,"6,050.32","12,106,684.77",310_RSG
6/12/2023,ISend Pte. Ltd.,CUS000362,INV006024,1,Wallet Send Transactions,Wallet Send Transactions-XRP,USD amount of XRP,"3,696,781.27",USD,0.52,"1,925,727.12","1,927,652.85",SGD,0.70,"2,589,140.11","2,591,729.25",310_RSG
6/12/2023,ISend Pte. Ltd.,CUS000362,INV006024,2,On Demand Liquidity,On Demand Liquidity-XRP,ODL Service Fee,"1,925,727.12",USD,0.00,"1,925.73","1,927,652.85",SGD,0.00,"2,589.14","2,591,729.25",310_RSG
6/12/2023,Lenderwize Limited,CUS000541,INV006027,1,Wallet Send Transactions,Wallet Send Transactions-XRP,USD amount of XRP,"1,878,615.97",USD,0.53,"1,000,100.00","1,001,100.10",SGD,0.72,"1,344,634.45","1,345,979.08",310_RSG
6/12/2023,Lenderwize Limited,CUS000541,INV006027,2,On Demand Liquidity,On Demand Liquidity-XRP,ODL Service Fee,"1,000,100.00",USD,0.00,"1,000.10","1,001,100.10",SGD,0.00,"1,344.63","1,345,979.08",310_RSG
6/12/2023,Cobblestone Energy Limited,CUS000553,INV006048,1,On Demand Liquidity,On Demand Liquidity-XRP,ODL Service Fee,"2,137.45",USD,0.00,8.55,8.55,SGD,0.01,11.50,11.50,310_RSG
6/12/2023,Andean Wide Transfer SPA,CUS000476,INV006013,1,Wallet Send Transactions,Wallet Send Transactions-XRP,USD amount of XRP,"8,319,340.67",USD,0.52,"4,350,000.00","4,354,350.00",SGD,0.70,"5,848,575.00","5,854,423.58",310_RSG
6/12/2023,Andean Wide Transfer SPA,CUS000476,INV006013,2,On Demand Liquidity,On Demand Liquidity-XRP,ODL Service Fee,"4,350,000.00",USD,0.00,"4,350.00","4,354,350.00",SGD,0.00,"5,848.58","5,854,423.58",310_RSG
6/12/2023,Everest Network Ltd,CUS000504,INV006020,1,Wallet Send Transactions,Wallet Send Transactions-XRP,USD amount of XRP,771.07,USD,0.52,404.79,405.19,SGD,0.71,544.24,544.78,310_RSG
6/12/2023,Everest Network Ltd,CUS000504,INV006020,2,On Demand Liquidity,On Demand Liquidity-XRP,ODL Service Fee,404.79,USD,0.00,0.40,405.19,SGD,0.00,0.54,544.78,310_RSG
6/12/2023,Xbaht AB,CUS000396,INV006049,1,Wallet Send Transactions,Wallet Send Transactions-XRP,EUR amount of XRP,57.93,EUR,0.46,26.46,26.51,SGD,0.66,38.25,38.32,310_RSG
6/12/2023,Xbaht AB,CUS000396,INV006049,2,On Demand Liquidity,On Demand Liquidity-XRP,ODL Service Fee,26.46,EUR,0.00,0.05,26.51,SGD,0.00,0.07,38.32,310_RSG
6/12/2023,Vita Solutions S.P.A,CUS000417,INV006045,1,Wallet Send Transactions,Wallet Send Transactions-XRP,USD amount of XRP,"748,264.96",USD,0.53,"400,000.00","402,000.00",SGD,0.72,"537,800.00","540,489.00",310_RSG
6/12/2023,Vita Solutions S.P.A,CUS000417,INV006045,2,On Demand Liquidity,On Demand Liquidity-XRP,ODL Service Fee,"400,000.00",USD,0.01,"2,000.00","402,000.00",SGD,0.01,"2,689.00","540,489.00",310_RSG
6/12/2023,Arcadi SpA,CUS000315,INV006014,1,Wallet Send Transactions,Wallet Send Transactions-XRP,USD amount of XRP,"98,563.40",USD,0.51,"50,000.00","50,250.00",SGD,0.68,"67,225.00","67,561.13",310_RSG
6/12/2023,Arcadi SpA,CUS000315,INV006014,2,On Demand Liquidity,On Demand Liquidity-XRP,ODL Service Fee,"50,000.00",USD,0.01,250.00,"50,250.00",SGD,0.01,336.13,"67,561.13",310_RSG
6/12/2023,BC Remittance Limited,CUS000323,INV006015,2,On Demand Liquidity,On Demand Liquidity-XRP,ODL Service Fee,"1,140,000.00",GBP,0.00,"3,420.00","1,143,420.00",SGD,0.01,"5,785.27","1,934,209.27",310_RSG
6/12/2023,BC Remittance Limited,CUS000323,INV006015,1,Wallet Send Transactions,Wallet Send Transactions-XRP,GBP amount of XRP,"2,700,229.35",GBP,0.42,"1,140,000.00","1,143,420.00",SGD,0.71,"1,928,424.00","1,934,209.27",310_RSG
6/12/2023,BKK Forex Pte Ltd,CUS000381,INV006016,1,Wallet Send Transactions,Wallet Send Transactions-XRP,SGD amount of XRP,"1,735,717.01",SGD,0.70,"1,210,722.25","1,211,932.97",SGD,0.70,"1,210,722.25","1,211,932.97",310_RSG
6/12/2023,BKK Forex Pte Ltd,CUS000381,INV006016,2,On Demand Liquidity,On Demand Liquidity-XRP,ODL Service Fee,"1,210,722.25",SGD,0.00,"1,210.72","1,211,932.97",SGD,0.00,"1,210.72","1,211,932.97",310_RSG
6/12/2023,Lulu Financial Services (Phils) Inc.,CUS000507,CM000643,2,On Demand Liquidity,On Demand Liquidity-XRP,Credit for ODL Service Fee (3 payments got partially liquidated: 8d8b58ab-4540-46f6-99b6-a283307b419c 2057436a-5445-4d71-b72a-1e21ac0f7607 96f59931-d810-4649-9c21-1251a9dc34de),"39,028.40",USD,0.00,78.06,"-39,106.46",SGD,0.00,104.95,"-52,578.63",310_RSG
6/12/2023,Lulu Financial Services (Phils) Inc.,CUS000507,CM000643,1,Wallet Send Transactions,Wallet Send Transactions-XRP,Credit for USD amount of XRP (3 payments got partially liquidated: 8d8b58ab-4540-46f6-99b6-a283307b419c 2057436a-5445-4d71-b72a-1e21ac0f7607 96f59931-d810-4649-9c21-1251a9dc34de),"74,799.95",USD,0.52,"39,028.40","-39,106.46",SGD,0.70,"52,473.68","-52,578.63",310_RSG
6/12/2023,Tranglo Pte. Ltd.,CUS000292,INV006042,1,Wallet Send Transactions,Wallet Send Transactions-XRP,SGD amount of XRP,"534,371.01",SGD,0.71,"380,000.00","380,570.00",SGD,0.71,"380,000.00","380,570.00",310_RSG
6/12/2023,Tranglo Pte. Ltd.,CUS000292,INV006042,2,On Demand Liquidity,On Demand Liquidity-XRP,ODL Service Fee,"380,000.00",SGD,0.00,570.00,"380,570.00",SGD,0.00,570.00,"380,570.00",310_RSG
6/12/2023,Cobblestone Energy Limited,CUS000553,INV006019,1,Wallet Send Transactions,Wallet Send Transactions-XRP,USD amount of XRP,"4,027.15",USD,0.53,"2,137.45","2,137.45",SGD,0.71,"2,873.80","2,873.80",310_RSG
6/12/2023,New Horizon Global Trading Pte Ltd,CUS000540,INV006029,1,Wallet Send Transactions,Wallet Send Transactions-XRP,USD amount of XRP,"1,229,226.44",USD,0.51,"628,352.38","642,520.43",SGD,0.69,"844,819.77","863,868.71",310_RSG
6/12/2023,New Horizon Global Trading Pte Ltd,CUS000540,INV006029,2,On Demand Liquidity,On Demand Liquidity-XRP,ODL Service Fee,"628,352.38",USD,0.00,"1,256.70","642,520.43",SGD,0.00,"1,689.63","863,868.71",310_RSG
6/12/2023,New Horizon Global Trading Pte Ltd,CUS000540,INV006029,3,Line of Credit,Line of Credit,Line of Credit Fee (12.5% of weekly USD amount of XRP withdrawals x 60 /365 days),1.00,USD,"12,911.35","12,911.35","642,520.43",SGD,"17,359.31","17,359.31","863,868.71",310_RSG
6/12/2023,Sentbe Pte. Ltd.,CUS000443,INV006035,2,On Demand Liquidity,On Demand Liquidity-XRP,ODL Service Fee,"4,713,376.09",SGD,0.00,"3,535.03","4,716,911.12",SGD,0.00,"3,535.03","4,716,911.12",310_RSG
6/12/2023,Sentbe Pte. Ltd.,CUS000443,INV006035,1,Wallet Send Transactions,Wallet Send Transactions-XRP,SGD amount of XRP,"6,685,238.95",SGD,0.71,"4,713,376.09","4,716,911.12",SGD,0.71,"4,713,376.09","4,716,911.12",310_RSG
6/12/2023,VRV Global Pte Ltd,CUS000548,INV006046,1,Wallet Send Transactions,Wallet Send Transactions-XRP,ODL Volume,"4,017,778.10",USD,0.54,"2,153,328.17","2,164,094.81",SGD,0.72,"2,895,149.72","2,909,625.47",310_RSG
6/12/2023,VRV Global Pte Ltd,CUS000548,INV006046,2,On Demand Liquidity,On Demand Liquidity-XRP,ODL Service Fee,"2,153,328.17",USD,0.01,"10,766.64","2,164,094.81",SGD,0.01,"14,475.75","2,909,625.47",310_RSG
6/12/2023,Lulu Financial Services (Phils) Inc.,CUS000507,INV006028,1,Wallet Send Transactions,Wallet Send Transactions-XRP,USD amount of XRP,"2,884,298.61",USD,0.53,"1,515,787.11","1,518,818.68",SGD,0.71,"2,037,975.77","2,042,051.72",310_RSG
6/12/2023,Lulu Financial Services (Phils) Inc.,CUS000507,INV006028,2,On Demand Liquidity,On Demand Liquidity-XRP,ODL Service Fee,"1,515,787.11",USD,0.00,"3,031.57","1,518,818.68",SGD,0.00,"4,075.95","2,042,051.72",310_RSG
6/12/2023,Nium Pte. Ltd.,CUS000130,INV006030,1,Wallet Send Transactions,Wallet Send Transactions-XRP,USD amount of XRP,"112,512,669.30",USD,0.52,"58,856,191.62","58,873,848.48",SGD,0.70,"79,132,149.63","79,155,889.28",310_RSG
6/12/2023,Nium Pte. Ltd.,CUS000130,INV006030,2,On Demand Liquidity,On Demand Liquidity-XRP,ODL Service Fee,"58,856,191.62",USD,0.00,"17,656.86","58,873,848.48",SGD,0.00,"23,739.65","79,155,889.28",310_RSG
6/12/2023,Omipay Global Pty Ltd,CUS000480,INV006032,1,Wallet Send Transactions,Wallet Send Transactions-XRP,USD amount of XRP,"12,880.22",USD,0.50,"6,486.87","6,491.41",SGD,0.68,"8,721.60","8,727.70",310_RSG
6/12/2023,Omipay Global Pty Ltd,CUS000480,INV006032,2,On Demand Liquidity,On Demand Liquidity-XRP,ODL Service Fee,"6,486.87",USD,0.00,4.54,"6,491.41",SGD,0.00,6.10,"8,727.70",310_RSG
6/12/2023,PAYINC GROUP LIMITED,CUS000405,INV006033,2,On Demand Liquidity,On Demand Liquidity-XRP,ODL Service Fee,"1,004,124.75",GBP,0.01,"5,020.62","1,009,145.37",SGD,0.01,"8,492.88","1,707,070.31",310_RSG
6/12/2023,PAYINC GROUP LIMITED,CUS000405,INV006033,1,Wallet Send Transactions,Wallet Send Transactions-XRP,GBP amount of XRP,"2,310,989.07",GBP,0.43,"1,004,124.75","1,009,145.37",SGD,0.74,"1,698,577.43","1,707,070.31",310_RSG
6/12/2023,Star Dreams General Trading LLC,CUS000537,INV006037,1,Wallet Send Transactions,Wallet Send Transactions-XRP,USD amount of XRP,"1,551,749.26",USD,0.53,"817,107.67","831,039.91",SGD,0.71,"1,098,601.26","1,117,333.16",310_RSG
6/12/2023,Star Dreams General Trading LLC,CUS000537,INV006037,2,On Demand Liquidity,On Demand Liquidity-XRP,ODL Service Fee,"817,107.67",USD,0.00,"1,225.66","831,039.91",SGD,0.00,"1,647.90","1,117,333.16",310_RSG
6/12/2023,Star Dreams General Trading LLC,CUS000537,INV006037,3,Line of Credit,Line of Credit,Line of Credit Fee (9.46% of weekly USD amount of XRP withdrawals x 60 /365 days),1.00,USD,"12,706.58","12,706.58","831,039.91",SGD,"17,084.00","17,084.00","1,117,333.16",310_RSG
6/12/2023,Sterling Frontier Alliance Pte. Ltd,CUS000551,INV006039,1,Wallet Send Transactions,Wallet Send Transactions-XRP,USD amount of XRP,"446,282.29",USD,0.51,"229,317.69","233,197.24",SGD,0.69,"308,317.63","313,533.68",310_RSG
6/12/2023,Sterling Frontier Alliance Pte. Ltd,CUS000551,INV006039,2,On Demand Liquidity,On Demand Liquidity-XRP,ODL Service Fee,"229,317.69",USD,0.01,"1,146.59","233,197.24",SGD,0.01,"1,541.59","313,533.68",310_RSG
6/12/2023,Sterling Frontier Alliance Pte. Ltd,CUS000551,INV006039,3,Line of Credit,Line of Credit,Line of Credit Fee (14.5% of weekly USD amount of XRP withdrawals x 30 /365 days),1.00,USD,"2,732.96","2,732.96","233,197.24",SGD,"3,674.46","3,674.46","313,533.68",310_RSG
6/12/2023,Sterling Frontier Alliance Pte. Ltd,CUS000551,INV006040,1,Wallet Send Transactions,Wallet Send Transactions-XRP,USD amount of XRP,"50,541.41",USD,0.51,"25,970.20","26,100.05",SGD,0.69,"34,916.93","35,091.51",310_RSG
6/12/2023,Sterling Frontier Alliance Pte. Ltd,CUS000551,INV006040,2,On Demand Liquidity,On Demand Liquidity-XRP,ODL Service Fee,"25,970.20",USD,0.01,129.85,"26,100.05",SGD,0.01,174.58,"35,091.51",310_RSG
